{"cameraMode":{"drawMode":0,"name":"Shaded","section":"Shading Mode"},"sceneLighting":true,"audioPlay":false,"sceneViewState":{"showFog":true,"showMaterialUpdate":false,"showSkybox":true,"showFlares":true,"showImageEffects":true,"showParticleSystems":true},"in2DMode":false,"pivot":{"x":0.0,"y":0.8100000023841858,"z":-3.009999990463257},"rotation":{"x":-0.1125560849905014,"y":-0.015799259766936303,"z":0.0017872689059004188,"w":-0.9935181736946106},"size":53.567230224609378,"orthographic":false}