{"cameraMode":{"drawMode":0,"name":"Shaded","section":"Shading Mode"},"sceneLighting":true,"audioPlay":false,"sceneViewState":{"showFog":true,"showMaterialUpdate":false,"showSkybox":true,"showFlares":true,"showImageEffects":true,"showParticleSystems":true},"in2DMode":false,"pivot":{"x":-3.56000018119812,"y":-1.7100003957748414,"z":11.680001258850098},"rotation":{"x":-0.20547708868980409,"y":-0.2600400447845459,"z":0.05672016739845276,"w":-0.9417755603790283},"size":26.72728157043457,"orthographic":false}